-- MySQL dump 10.13  Distrib 5.1.46, for Win32 (ia32)
--
-- Host: localhost    Database: a_team
-- ------------------------------------------------------
-- Server version	5.1.46-community

/*!40101 SET @OLD_CHARACTER_SET_CLIENT=@@CHARACTER_SET_CLIENT */;
/*!40101 SET @OLD_CHARACTER_SET_RESULTS=@@CHARACTER_SET_RESULTS */;
/*!40101 SET @OLD_COLLATION_CONNECTION=@@COLLATION_CONNECTION */;
/*!40101 SET NAMES utf8 */;
/*!40103 SET @OLD_TIME_ZONE=@@TIME_ZONE */;
/*!40103 SET TIME_ZONE='+00:00' */;
/*!40014 SET @OLD_UNIQUE_CHECKS=@@UNIQUE_CHECKS, UNIQUE_CHECKS=0 */;
/*!40014 SET @OLD_FOREIGN_KEY_CHECKS=@@FOREIGN_KEY_CHECKS, FOREIGN_KEY_CHECKS=0 */;
/*!40101 SET @OLD_SQL_MODE=@@SQL_MODE, SQL_MODE='NO_AUTO_VALUE_ON_ZERO' */;
/*!40111 SET @OLD_SQL_NOTES=@@SQL_NOTES, SQL_NOTES=0 */;

--
-- Table structure for table `t_advance`
--

DROP TABLE IF EXISTS `t_advance`;
/*!40101 SET @saved_cs_client     = @@character_set_client */;
/*!40101 SET character_set_client = utf8 */;
CREATE TABLE `t_advance` (
  `f_advance` int(1) NOT NULL,
  `f_movie_num` int(5) NOT NULL,
  `f_price` int(4) NOT NULL,
  PRIMARY KEY (`f_advance`)
) ENGINE=InnoDB DEFAULT CHARSET=utf8;
/*!40101 SET character_set_client = @saved_cs_client */;

--
-- Dumping data for table `t_advance`
--

LOCK TABLES `t_advance` WRITE;
/*!40000 ALTER TABLE `t_advance` DISABLE KEYS */;
INSERT INTO `t_advance` VALUES (1,11,800),(2,12,1000),(3,13,800);
/*!40000 ALTER TABLE `t_advance` ENABLE KEYS */;
UNLOCK TABLES;

--
-- Table structure for table `t_camp`
--

DROP TABLE IF EXISTS `t_camp`;
/*!40101 SET @saved_cs_client     = @@character_set_client */;
/*!40101 SET character_set_client = utf8 */;
CREATE TABLE `t_camp` (
  `f_camp_num` int(5) NOT NULL,
  `f_camp_title` varchar(20) NOT NULL,
  `f_camp` varchar(20) DEFAULT NULL,
  `f_camp_date` date NOT NULL,
  `f_camp_img` varchar(30) NOT NULL,
  PRIMARY KEY (`f_camp_num`)
) ENGINE=InnoDB DEFAULT CHARSET=utf8;
/*!40101 SET character_set_client = @saved_cs_client */;

--
-- Dumping data for table `t_camp`
--

LOCK TABLES `t_camp` WRITE;
/*!40000 ALTER TABLE `t_camp` DISABLE KEYS */;
/*!40000 ALTER TABLE `t_camp` ENABLE KEYS */;
UNLOCK TABLES;

--
-- Table structure for table `t_customer`
--

DROP TABLE IF EXISTS `t_customer`;
/*!40101 SET @saved_cs_client     = @@character_set_client */;
/*!40101 SET character_set_client = utf8 */;
CREATE TABLE `t_customer` (
  `f_customer_num` int(15) NOT NULL,
  `f_customer_name` varchar(10) NOT NULL,
  `f_customer_tel` int(15) NOT NULL,
  `f_customer_authority` int(1) NOT NULL,
  `f_customer_memo` varchar(100) NOT NULL,
  `f_customer_date` date NOT NULL,
  PRIMARY KEY (`f_customer_num`)
) ENGINE=InnoDB DEFAULT CHARSET=utf8;
/*!40101 SET character_set_client = @saved_cs_client */;

--
-- Dumping data for table `t_customer`
--

LOCK TABLES `t_customer` WRITE;
/*!40000 ALTER TABLE `t_customer` DISABLE KEYS */;
/*!40000 ALTER TABLE `t_customer` ENABLE KEYS */;
UNLOCK TABLES;

--
-- Table structure for table `t_hold`
--

DROP TABLE IF EXISTS `t_hold`;
/*!40101 SET @saved_cs_client     = @@character_set_client */;
/*!40101 SET character_set_client = utf8 */;
CREATE TABLE `t_hold` (
  `f_hold_num` int(10) NOT NULL AUTO_INCREMENT,
  `f_user_id` varchar(50) NOT NULL,
  `f_date` date NOT NULL,
  `f_seat_num` varchar(3) NOT NULL,
  `f_ticket_name` varchar(15) NOT NULL,
  `f_customer_price` int(4) NOT NULL,
  `f_movie_name` varchar(50) NOT NULL,
  `f_theater_name` varchar(20) NOT NULL,
  `f_screen_num` int(2) NOT NULL,
  `f_movie_st` time NOT NULL,
  `f_movie_end` time NOT NULL,
  `f_date_now` date NOT NULL,
  PRIMARY KEY (`f_hold_num`)
) ENGINE=InnoDB AUTO_INCREMENT=2 DEFAULT CHARSET=utf8;
/*!40101 SET character_set_client = @saved_cs_client */;

--
-- Dumping data for table `t_hold`
--

LOCK TABLES `t_hold` WRITE;
/*!40000 ALTER TABLE `t_hold` DISABLE KEYS */;
INSERT INTO `t_hold` VALUES (1,'halnagoya','2018-02-21','C07','中学生/小学生/幼児',1000,'東京喰種トーキョーグール','HALシネマTOKYO',12,'14:30:00','16:00:00','2018-02-14');
/*!40000 ALTER TABLE `t_hold` ENABLE KEYS */;
UNLOCK TABLES;

--
-- Table structure for table `t_movie`
--

DROP TABLE IF EXISTS `t_movie`;
/*!40101 SET @saved_cs_client     = @@character_set_client */;
/*!40101 SET character_set_client = utf8 */;
CREATE TABLE `t_movie` (
  `f_movie_num` int(5) NOT NULL,
  `f_movie_name` varchar(50) NOT NULL,
  `f_movie_summary` varchar(500) NOT NULL,
  `f_movie_genre` varchar(10) NOT NULL,
  `f_movie_assistant` varchar(20) NOT NULL,
  `f_movie_star` varchar(20) NOT NULL,
  `f_movie_old` int(2) NOT NULL,
  `f_movie_exit` date NOT NULL,
  `f_movie_date` date NOT NULL,
  `f_movie_time` int(3) NOT NULL,
  `f_movie_img` varchar(30) NOT NULL,
  `f_movie_bikou` varchar(300) DEFAULT NULL,
  `f_showing_img` varchar(50) DEFAULT NULL,
  PRIMARY KEY (`f_movie_num`)
) ENGINE=InnoDB DEFAULT CHARSET=utf8;
/*!40101 SET character_set_client = @saved_cs_client */;

--
-- Dumping data for table `t_movie`
--

LOCK TABLES `t_movie` WRITE;
/*!40000 ALTER TABLE `t_movie` DISABLE KEYS */;
INSERT INTO `t_movie` VALUES (1,'東京喰種トーキョーグール','「週刊ヤングジャンプ」連載の石田スイによる人気コミックで、アニメ化もされた「東京喰種トーキョーグール」を実写映画化。人間社会に紛れ込んで人を喰らう怪人「喰種（グール）」たちがはびこる東京。事故で重傷を負った青年カネキは、一緒にいた喰種の少女リゼの臓器を移植されたことで半喰種になってしまう。人間でありながら人を食べることでしか生きられなくなったカネキは、人間と喰種の狭間で苦悩しながらも、喰種を駆逐しようとする人間たちとの戦いに巻き込まれていく。「MARS ただ、君を愛してる」の窪田正孝が主人公カネキを、NHK連続テレビ小説「まれ」の清水富美加がヒロインのトーカをそれぞれ演じる。','アニメ','荻原健太郎','窪田正孝、清水富美加、鈴木伸之',15,'2018-05-28','2018-02-20',110,'gure.png','（C)2017 「東京喰種」制作委員会　（C)石田スイ／集英社',NULL),(2,'から紅ないの恋歌 ','ふたひらの　運命を引き裂く　哀しき歌−　紅に染まる巡恋（チェインド・ラブ）ミステリー！大阪のシンボル、日売テレビで突如、爆破事件が発生！その時局内では、日本の百人一首界をけん引する「皐月会」が開催する皐月杯の会見収録が行われており、突然の事態に大パニックに！崩壊していくビルの中、西の名探偵・服部平次とその幼なじみ・遠山和葉、２人だけが取り残されてしまうが、間一髪のところで駆け付けたコナンにより無事救出される。まるでテロのような事件、しかし犯人の目的もわからず、犯行声明も出ていない不可解な状況に違和感を禁じ得ないコナンと平次。そんな騒動の中、コナンたちは平次の婚約者だと言い張る女性と出会う。その名は大岡紅葉。','アニメ','青山剛昌','高山みなみ、山崎和佳奈、小山力也',0,'2018-05-08','2018-02-13',130,'conan.png','(C)2017 青山剛昌／名探偵コナン製作委員会',NULL),(3,'スパイダーマン','サム・ライミ監督＆トビー・マグワイア主演の「スパイダーマン」（2002〜07）、マーク・ウェブ監督＆アンドリュー・ガーフィールド主演の 「アメイジング・スパイダーマン」（12〜14）に続き、3度目の映画化となる新たな「スパイダーマン」。\n主人公ピーター・パーカー＝スパイダーマン役には、「インポッシブル」のトム・ホランドを抜てきし、「アベンジャーズ」シリーズをはじめとした、同じマーベルコミック原作の作品同士で世界観を共有している「マーベル・シネマティック・ユニバース」に参戦。\nトム・ホランド扮するスパイダーマンが、今作に先立ち16年に製作・公開された「シビル・ウォー　キャプテン・アメリカ」に初登場した。\n部活のノリで街を救い、ヒーローを気取る15歳の高校生ピーターが、アイアンマンことトニー・スタークに導かれて成長していく姿を描く。\n悪役のバルチャーを演じるのは、「バードマン　あるいは（無知がもたらす予期せぬ奇跡）」「スポットライト　世紀のスクープ」のマイケル・キートン。監督は、ミュージックビデオ出身で「クラウン」「COP CAR コップ・カー」で注目された新鋭ジョン・ワッツ。','アクション','ジョン・ワッツ','トム・ホランド、マイケル・キートン',17,'2018-05-12','2018-02-15',130,'supaidaman.png','(C)Marvel Studios 2017.(C)2017 CTMG. All Rights REserved',NULL),(4,'ノーゲーム・ノーライフ','榎宮祐によるライトノベルを原作に、2014年に放送されたテレビアニメ「ノーゲーム・ノーライフ」の劇場版。テレビシリーズでは、一切の争いを禁じ、全てをゲームで決める異世界「盤上の世界（ディス・ボード）」に召喚された天才ゲーマーの兄妹・空と白が、さまざまなゲームを勝ち抜いていく姿を描いた。劇場版となる今作では、テレビシリーズから約6000年前、「盤上の世界」が創造される以前の、世界を統べる唯一神の座をめぐって大戦が続いていた時代を舞台に、知られざる物語が明らかにされる。様々な種族に追いやられ、存亡の危機にあった人間の若きリーダー、リクは、ある日、打ち捨てられた森霊種（エルフ）の都で機械仕掛けの少女シュヴィと出会う。心を持ったために機械としてはエラーが発生し、仲間から見捨てられたシュヴィは、エラーを修正するためにリクに「人間の心」を教えてほしいと頼むが……。','アニメ','いしづかあつこ','松岡禎丞、茅野愛衣、日笠陽子',17,'2018-05-12','2018-02-15',120,'no_game.png','(C)榎宮祐・株式会社KADOKAWA刊／ノーゲーム・ノーライフ ゼロ製作委員会',NULL),(5,'パイレーツオブカビリアン','ジョニー・デップ主演による世界的大ヒットシリーズの第5弾。孤高の海賊ジャック・スパロウと、ジャックへの復讐に燃える「海の死神」サラザールの因縁の対決を軸に、かつてジャックと冒険したウィル・ターナーとその息子ヘンリー、孤独な天文学者カリーナ、ジャックの宿敵バルボッサらの運命が交錯する。ジャック・スパロウに恨みを持つ「海の死神」サラザールが、魔の三角海域から解き放たれた。サラザールの復讐を阻止するには、「最後の海賊」だけが見つけ出せるという秘宝「ポセイドンの槍」を手に入れなければならない。一方、10年に1度しか陸に上がれない呪いをかけられたウィルの息子ヘンリーは、ポセイドンの槍を手に入れて父の呪いを解こうとジャックに近づく。ウィル役のオーランド・ブルーム、エリザベス役のキーラ・ナイトレイ、バルボッサ役のジェフリー・ラッシュらおなじみのキャストが再結集するほか、サラザール役を「ノーカントリー」のハビエル・バルデム、ヘンリー役を「マレフィセント」のブレントン・スウェイツ、天文学者カリーナ役を「メイズ・ランナー」のカヤ・スコデラーリオがそれぞれ演じる。','アクション','ヨアヒム・ローニング','ジョニー・デップ、ハビエル・バルデム',17,'2018-05-20','2018-02-15',140,'paire_tu.png','(C)2017 Disney Enterprises, Inc.ALL Rights Reeved.',NULL),(6,'メアリと魔女の花','この夏、メアリは出会う。驚きと歓び。過ちと運命。そして、小さな勇気に−あらゆる世代の心を揺さぶる、まったく新しい魔女映画が誕生！赤い館村に引っ越してきたメアリは、森で7年に1度しか咲かない不思議な花《夜間飛行》を見つける。それはかつて、魔女の国から盗み出された禁断の“魔女の花”だった。一夜限りの不思議な力を手に入れたメアリは、雲海にそびえたつ魔法世界の最高学府“エンドア大学”への入学が許可されるが、メアリがついた、たったひとつの嘘が、やがて大切な人を巻き込んだ大事件を巻き起こす−『借りぐらしのアリエッティ』（2010年）で同年邦画興収第１位、『思い出のマーニー』（2014年）で第88回米アカデミー賞長編アニメーション映画部門にノミネートされるなど、国内外で高い評価を得る監督・米林宏昌。スタジオジブリ退社後の第一作目として、満を持して発表する長編アニメーション映画が本作『メアリと魔女の花』。主人公のメアリの声を演じるのは女優、杉咲花。','アニメ','米林宏昌','杉咲花、神木隆之介、天海祐希',17,'2018-06-12','2018-02-15',110,'meari.png','(C)「メアリと魔女の花」製作委員会',NULL),(7,'宇宙戦艦ヤマト2199','名作SFアニメ「宇宙戦艦ヤマト」をリメイクした「宇宙戦艦ヤマト2199」の続編。劇場上映される全7章のうちの第2章で、第3〜6話の計4話で構成される。謎めいたガミラスの青年キーマンに誘われ、月面でガミラスの大使バレルと面会した古代は、惑星テレザートとテレサの物語を聞かされる。地球に戻った古代は「コスモリバースシステム」がもたらした負の遺産の存在を知り、テレサから送られてきたメッセージに応えるべきと訴えかけるが、地球政府の上層部は掛け合ってくれない。発進許可が得られないヤマトだったが、古代とクルーたちは、反逆と捉えられても仕方のない独断で、出航を決意する。','アニメ','羽原信義','小野大輔、桑島法子、鈴村健一',0,'2017-10-12','2017-09-15',110,'yamato.png','(C)西崎義展/宇宙戦艦ヤマト2202製作委員会',NULL),(8,'ライフ','「デッドプール」のライアン・レイノルズ、「サウスポー」のジェイク・ギレンホール、「ミッション：インポッシブル　ローグ・ネイション」のレベッカ・ファーガソン、「ウルヴァリン：SAMURAI」の真田広之が共演し、地球外生命体を調査していた6人の宇宙飛行士が密室の無重力空間で直面する恐怖を描いたSFスリラー。火星で未知の生命体の細胞が採取され、世界各国から集められた6人の宇宙飛行士が国際宇宙ステーションで極秘調査を開始した。しかし、生命体は次第に進化・成長して宇宙飛行士たちを襲いはじめる。高い知能を持つ生命体を前に宇宙飛行士たちの関係も狂い出し、ついには命を落とす者まで現われる。「デンジャラス・ラン」でもレイノルズと組んだダニエル・エスピノーサ監督がメガホンをとり、「デッドプール」のポール・ワーニック＆レット・リースが脚本を担当。','アクション','ダニエル・エスピノーサ','ジェイク・ギレンホール',17,'2017-10-12','2017-09-15',130,'life.png','(C)2016 CTMG, Inc.All Rights Reserved.',NULL),(9,'昼顔','決して、もう二度と。せめて、もう一度。連続ドラマ「昼顔〜平日午後３時の恋人たち〜」衝撃の結末から、決して出会っていけない二人の運命の歯車が、再び動き出す-お互いに結婚していながら、惹かれあい愛し合うようになった主婦の笹本紗和と高校教師の北野裕一郎。その一線を越えた関係はいつしか明るみになり、ついに二人は別れざるを得なくなってしまった。そして、紗和は夫と離婚し一人になった。あれから３年。紗和は海辺の町で慎ましく暮らしていた。オーナーの杉崎が営むレストランでの見習いと狭いアパートの往復が日課で、北野の夢を見ることさえ無くなっていた。海岸沿いの小さな町には、彼女の過去を知る者はいない。一方、大学の非常勤講師となっていた北野は蛍に関する講演を、ある街で行うことに。講演中、客席に目を向けたとき、彼は言葉を失う。そこには紗和の姿が−「神様は、私を試していたのでしょうか」運命のいたずらか、再びめぐり合う二人。あの時に交わした愛を忘れられず、どちらからともなく逢瀬を重ねていく。清流流れる蛍の住処が“約束の場所”。そんな中、二人の前に現れたのは、北野の妻・乃里子だった。','ドラム','西谷弘','上戸彩、斎藤工、伊藤歩、平山浩行',0,'2017-10-12','2017-09-15',110,'hiru.png','(C)2017　フジテレビジョン　東宝　FNS２７社',NULL),(10,'美女と野獣','その芸術性と完成度の高さから、アニメーション映画として史上初めてアカデミー作品賞にノミネートされ、今なお愛され続けている不朽のディズニー・アニメーション『美女と野獣』が、主演にエマ・ワトソンを迎え、ディズニー渾身の実写映画として新たに生まれ変わる。スケールやクオリティにおいて世界がディズニーに求めた全てを兼ね備えつつ、その予想や期待を遥かに超越した、100年語り継がれる史上空前のエンターテイメントが誕生！ひとりの美しい王子が、呪いによって醜い野獣の姿に変えられてしまう。魔女が残した一輪のバラの花びらがすべて散る前に、誰かを心から愛し、愛されることができなければ、永遠に人間には戻れない。呪われた城の中で、希望を失いかけていた野獣と城の住人たちの孤独な日々に変化をもたらしたのは、美しい村の娘ベル。聡明で進歩的な考えを持つ彼女は、閉鎖的な村人たちになじめず、傷つくこともあった。それでも、“人と違う”ことを受け入れ、かけがえのない自分を信じるベルと、“人と違う”外見に縛られ、本当の自分の価値を見出せずにいる野獣──その出会いは、はたして奇跡を生むのだろうか…？','ディズニー','ビル・コンドン','エマ・ワトソン、ダン・スティーブンス',0,'2017-10-12','2017-09-15',110,'bizyo.png','(C)2016 Disney. All Rights Reseverd.',NULL),(11,'響け！ユーフォニアム　届けたいメロディ','吹奏楽に打ち込む高校生たちの青春を描いた京都アニメーション制作による人気アニメ「響け！ユーフォニアム」の劇場版第2弾。2016年10〜12月に放送されたテレビシリーズ第2期「響け！ユーフォニアム2」（全13話）を、主人公の黄前久美子と先輩の田中あすかを軸にして再構成した。吹奏楽コンクール全国大会出場を控えた北宇治高校吹奏楽部。夏が終わり、秋の気配が近づいたある日、低音パートの要でもあり、副部長の田中あすかが退部するかもしれないという事態が発生する。','アニメ','\n石原立也','黒沢ともよ、朝井彩加、豊田萌絵',0,'2017-09-30','2017-12-26',130,'hibike.png','\n(C)武田綾乃・宝島社／「響け！」製作委員',NULL),(12,'DCスーパーヒーローズ vs 鷹の爪団','ジャスティス・リーグが東京に出現！禁断のプロジェクトがついに動く！ジョーカー率いるヴィラン達が日本を急襲！その狙いは、鷹の爪団の秘密兵器を奪い、悪用すること。いち早く危機を察知したジャスティス・リーグは東京に集結し、鷹の爪団と合流するが、その中にバットマンの姿はない。なんと彼は、ジャスティス・リーグを脱退していた！しかし、鷹の爪映画の最大の弱点は予算。莫大なキャラクター使用料とハイクオリティなアニメーション作画を要するジャスティス・リーグは、大富豪であるバットマンの資金援助なしでは満足にアクションを披露できず、ザコすら倒せない！','アクション','FROGMAN','FROGMAN、山田孝之、知英、安田顕',0,'2017-10-21','2017-12-20',120,'taka.png','(C)Warner Bros. Japan and DLE. DC characters and elements (C)&TM DC Comics. Eagle Talon characters and elements (C)&TM DLE. All Rights Reserved.',NULL),(13,'彼女がその名を知らない鳥たち','共感度０％、不快度１００％。でもこれは、まぎれもない愛の物語。15歳年上の男・陣治と暮らしながらも、8年前に別れた男・黒崎のことが忘れられずにいる女・十和子。不潔で下品な陣治に嫌悪感を抱きながらも、彼の少ない稼ぎに頼って働きもせずに怠惰な毎日を過ごしていた。ある日、十和子が出会ったのは、どこか黒崎の面影がある妻子持ちの男・水島。彼との情事に溺れる十和子は、刑事から黒崎が行方不明だと告げられる。どれほど罵倒されても「十和子のためだったら何でもできる」と言い続ける陣治が執拗に自分を付け回していることを知った彼女は、黒崎の失踪に陣治が関わっていると疑い、水島にも危険が及ぶのではないかと怯えはじめる―','ドラマ','白石和彌','蒼井優、阿部サダヲ、松坂桃李、竹野内豊',15,'2017-10-28','2017-12-28',120,'kanojo.png','\n(C)2017映画「彼女がその名を知らない鳥たち」製作委員会',NULL),(14,'映画くまのがっこう パティシエ・ジャッキー<br >とおひさまのスイーツ','くまの子供たちの温かな日常を描き日本のみならず中国やフランスなどでも出版された絵本を基に、テレビアニメ化されたシリーズを映画化。<br >11匹の優しいお兄ちゃんくまと、利かん坊のくまの女の子ジャッキーが登場し、スイーツにまつわる物語を繰り広げる。<br >原作者のあいはらひろゆきが脚本を担当、『くまのがっこう　〜ジャッキーとケイティ〜』などの児玉徹郎が監督を務める。','アニメ','児玉徹郎','逢田梨香子、東山奈央、小山力也',0,'2018-08-25','2017-08-25',130,'kumano.png','(C)2017 青山剛昌／映画くまのがっこう',NULL),(15,'未成年だけどコドモじゃない','何不自由なく育てられたお嬢様・折山香琳（平祐奈）が16歳の誕生日に両親からプレゼントされたのは“結婚”！しかも、親の決めた結婚相手は、香琳の初恋の相手で学校イチのイケメン・鶴木尚（中島健人）だった！幸せな結婚生活を夢見る香琳…しかし、現実は甘くない！結婚した途端に、学校では決して見せない冷たい表情で尚が言い放った言葉。「お前みたいな女、大っ嫌いなんだよな」\r\nこの結婚は尚にとって、折山家の経済力を目的とした“愛のない”結婚だったのだ。しかも結婚していることは、学校では2人だけの秘密にしなければならない。','ドラマ','英勉','中島健人、平祐奈、知念侑李',0,'2017-11-15','2018-02-11',130,'miseinen.png','(C)水波風南／小学館 (C)2017 「未成年だけどコドモじゃない」製作委員会/（C）2017 Lions Gate Entertainment Inc. All Rights Reserved（C）2017 Lions Gate Entertainment Inc. All Rights Reserved　Photo credit: Brooke Palmer/(C)2017 ',NULL);
/*!40000 ALTER TABLE `t_movie` ENABLE KEYS */;
UNLOCK TABLES;

--
-- Table structure for table `t_news`
--

DROP TABLE IF EXISTS `t_news`;
/*!40101 SET @saved_cs_client     = @@character_set_client */;
/*!40101 SET character_set_client = utf8 */;
CREATE TABLE `t_news` (
  `f_news_num` int(5) NOT NULL,
  `f_news_name` varchar(20) NOT NULL,
  `f_news` varchar(1000) NOT NULL,
  `f_news_date` date NOT NULL,
  `f_news_img` varchar(30) DEFAULT NULL,
  PRIMARY KEY (`f_news_num`)
) ENGINE=InnoDB DEFAULT CHARSET=utf8;
/*!40101 SET character_set_client = @saved_cs_client */;

--
-- Dumping data for table `t_news`
--

LOCK TABLES `t_news` WRITE;
/*!40000 ALTER TABLE `t_news` DISABLE KEYS */;
INSERT INTO `t_news` VALUES (1,'映画くまのがっこう＆ふうせんいぬティニー','スイーツが大好きなジャッキーは、「スイーツランド」で見習いパティシエの女の子、ミンディといっしょにパティシエの修行をすることに。しかし、この「スイーツランド」を村の村長が乗っ取ろうと企んでいて・・・『ふうせんいぬティニー　なんだかふしぎなきょうりゅうのくに！』ある日、ティニーとニティがお庭で遊んでいると、突然空からふうせん卵が落ちてきた。 割れた卵から出てきたのは、なんと、恐竜の赤ちゃんトリィ!ティニーたちは、トリィの本当のパパとママを探すために、 再び雲の上の、ふうせんどうぶつの世界へ向う。','2017-12-02','kumano.jpg'),(2,'僕のワンダフル・ライフ 9/29公開 !','僕のワンダフル・ライフ 特集：期待以上の“満足度100％”！《50年で3回生まれ変わって》ついに再会した大好きな飼い主！「でも……どうしたら“僕”って気づいてくれる？」','2017-09-02','wandaful.jpg'),(3,'あさひなぐ（2017年9月22日公開）','第60回小学館漫画賞（一般向け部門）に輝いた、こざき亜衣のコミックを実写化した青春ドラマ。なぎなたに打ち込む女子高校生の成長を、仲間たちとの絆やライバルとの対戦を交えながら見つめる。','2017-09-02','news3.jpg');
/*!40000 ALTER TABLE `t_news` ENABLE KEYS */;
UNLOCK TABLES;

--
-- Table structure for table `t_screen`
--

DROP TABLE IF EXISTS `t_screen`;
/*!40101 SET @saved_cs_client     = @@character_set_client */;
/*!40101 SET character_set_client = utf8 */;
CREATE TABLE `t_screen` (
  `f_screen_num` int(2) NOT NULL,
  `f_screen_amount` int(3) NOT NULL,
  `f_screen_facility` varchar(20) DEFAULT NULL,
  PRIMARY KEY (`f_screen_num`)
) ENGINE=InnoDB DEFAULT CHARSET=utf8;
/*!40101 SET character_set_client = @saved_cs_client */;

--
-- Dumping data for table `t_screen`
--

LOCK TABLES `t_screen` WRITE;
/*!40000 ALTER TABLE `t_screen` DISABLE KEYS */;
INSERT INTO `t_screen` VALUES (10,100,'2D'),(11,100,'2D'),(12,100,'2D'),(13,100,'2D'),(14,100,'2D'),(15,100,'3D'),(16,100,'3D'),(17,100,'3D'),(18,100,'3D'),(19,100,'3D'),(20,100,'2D'),(21,100,'2D'),(22,100,'2D'),(23,100,'2D'),(24,100,'2D'),(25,100,'3D'),(26,100,'3D'),(27,100,'3D'),(28,100,'3D'),(29,100,'3D'),(30,100,'2D'),(31,100,'2D'),(32,100,'2D'),(33,100,'2D'),(34,100,'2D'),(35,100,'3D'),(36,100,'3D'),(37,100,'3D'),(38,100,'3D'),(39,100,'3D');
/*!40000 ALTER TABLE `t_screen` ENABLE KEYS */;
UNLOCK TABLES;

--
-- Table structure for table `t_seat`
--

DROP TABLE IF EXISTS `t_seat`;
/*!40101 SET @saved_cs_client     = @@character_set_client */;
/*!40101 SET character_set_client = utf8 */;
CREATE TABLE `t_seat` (
  `f_seat_num` int(4) unsigned zerofill NOT NULL DEFAULT '0000',
  `f_theater_num` int(1) NOT NULL,
  `f_seat` int(1) NOT NULL,
  `f_screen_num` int(2) NOT NULL,
  PRIMARY KEY (`f_seat_num`)
) ENGINE=InnoDB DEFAULT CHARSET=utf8;
/*!40101 SET character_set_client = @saved_cs_client */;

--
-- Dumping data for table `t_seat`
--

LOCK TABLES `t_seat` WRITE;
/*!40000 ALTER TABLE `t_seat` DISABLE KEYS */;
INSERT INTO `t_seat` VALUES (1000,1,0,10),(1001,1,0,10),(1002,1,0,10),(1003,1,0,10),(1004,1,0,10),(1005,1,0,10),(1006,1,0,10),(1007,1,0,10),(1008,1,0,10),(1009,1,0,10),(1010,1,0,10),(1012,1,0,10),(1013,1,0,10),(1014,1,0,10),(1015,1,0,10),(1016,1,0,10),(1017,1,0,10),(1018,1,0,10),(1019,1,0,10),(1020,1,0,10),(1021,1,0,10),(1022,1,0,10),(1023,1,0,10),(1024,1,0,10),(1025,1,0,10),(1026,1,0,10),(1027,1,0,10),(1028,1,0,10),(1029,1,0,10),(1030,1,0,10),(1031,1,0,10),(1032,1,0,10),(1033,1,0,10),(1034,1,0,10),(1035,1,0,10),(1036,1,0,10),(1037,1,0,10),(1038,1,0,10),(1039,1,0,10),(1040,1,0,10),(1041,1,0,10),(1042,1,0,10),(1043,1,0,10),(1044,1,0,10),(1045,1,0,10),(1046,1,0,10),(1047,1,0,10),(1048,1,0,10),(1049,1,0,10),(1050,1,0,10),(1051,1,0,10),(1052,1,0,10),(1053,1,0,10),(1054,1,0,10),(1055,1,0,10),(1056,1,0,10),(1057,1,0,10),(1058,1,0,10),(1059,1,0,10),(1060,1,0,10),(1061,1,0,10),(1062,1,0,10),(1063,1,0,10),(1064,1,0,10),(1065,1,0,10),(1066,1,0,10),(1067,1,0,10),(1068,1,0,10),(1069,1,0,10),(1070,1,0,10),(1071,1,0,10),(1072,1,0,10),(1073,1,0,10),(1074,1,0,10),(1075,1,0,10),(1076,1,0,10),(1077,1,0,10),(1078,1,0,10),(1079,1,0,10),(1080,1,0,10),(1081,1,0,10),(1082,1,0,10),(1083,1,0,10),(1084,1,0,10),(1085,1,0,10),(1086,1,0,10),(1087,1,0,10),(1088,1,0,10),(1089,1,0,10),(1090,1,0,10),(1091,1,0,10),(1092,1,0,10),(1093,1,0,10),(1094,1,0,10),(1095,1,0,10),(1096,1,0,10),(1097,1,0,10),(1098,1,0,10),(1099,1,0,10),(1100,1,0,11),(1101,1,0,11),(1102,1,0,11),(1103,1,0,11),(1104,1,0,11),(1105,1,0,11),(1106,1,0,11),(1107,1,0,11),(1108,1,0,11),(1109,1,0,11),(1110,1,0,11),(1111,1,0,11),(1112,1,0,11),(1113,1,0,11),(1114,1,0,11),(1115,1,0,11),(1116,1,0,11),(1117,1,0,11),(1118,1,0,11),(1119,1,0,11),(1120,1,0,11),(1121,1,0,11),(1122,1,0,11),(1123,1,0,11),(1124,1,0,11),(1125,1,0,11),(1126,1,0,11),(1127,1,0,11),(1128,1,0,11),(1129,1,0,11),(1130,1,0,11),(1131,1,0,11),(1132,1,0,11),(1133,1,0,11),(1134,1,0,11),(1135,1,0,11),(1136,1,0,11),(1137,1,0,11),(1138,1,0,11),(1139,1,0,11),(1140,1,0,11),(1141,1,0,11),(1142,1,0,11),(1143,1,0,11),(1144,1,0,11),(1145,1,0,11),(1146,1,0,11),(1147,1,0,11),(1148,1,0,11),(1149,1,0,11),(1150,1,0,11),(1151,1,0,11),(1152,1,0,11),(1153,1,0,11),(1154,1,0,11),(1155,1,0,11),(1156,1,0,11),(1157,1,0,11),(1158,1,0,11),(1159,1,0,11),(1160,1,0,11),(1161,1,0,11),(1162,1,0,11),(1163,1,0,11),(1164,1,0,11),(1165,1,0,11),(1166,1,0,11),(1167,1,0,11),(1168,1,0,11),(1169,1,0,11),(1170,1,0,11),(1171,1,0,11),(1172,1,0,11),(1173,1,0,11),(1174,1,0,11),(1175,1,0,11),(1176,1,0,11),(1177,1,0,11),(1178,1,0,11),(1179,1,0,11),(1180,1,0,11),(1181,1,0,11),(1182,1,0,11),(1183,1,0,11),(1184,1,0,11),(1185,1,0,11),(1186,1,0,11),(1187,1,0,11),(1188,1,0,11),(1189,1,0,11),(1190,1,0,11),(1191,1,0,11),(1192,1,0,11),(1193,1,0,11),(1194,1,0,11),(1195,1,0,11),(1196,1,0,11),(1197,1,0,11),(1198,1,0,11),(1199,1,0,11),(1200,1,0,12),(1201,1,0,12),(1202,1,0,12),(1203,1,0,12),(1204,1,0,12),(1205,1,0,12),(1206,1,0,12),(1207,1,0,12),(1208,1,0,12),(1209,1,0,12),(1210,1,0,12),(1211,1,0,12),(1212,1,0,12),(1213,1,0,12),(1214,1,0,12),(1215,1,0,12),(1217,1,0,12),(1218,1,0,12),(1219,1,0,12),(1220,1,0,12),(1221,1,0,12),(1222,1,0,12),(1223,1,0,12),(1224,1,0,12),(1225,1,0,12),(1226,1,0,12),(1227,1,0,12),(1228,1,0,12),(1229,1,0,12),(1230,1,0,12),(1231,1,0,12),(1232,1,0,12),(1233,1,0,12),(1234,1,0,12),(1235,1,0,12),(1236,1,0,12),(1237,1,0,12),(1238,1,0,12),(1239,1,0,12),(1240,1,0,12),(1241,1,0,12),(1242,1,0,12),(1243,1,0,12),(1244,1,0,12),(1245,1,0,12),(1246,1,0,12),(1247,1,0,12),(1248,1,0,12),(1249,1,0,12),(1250,1,0,12),(1251,1,0,12),(1252,1,0,12),(1253,1,0,12),(1254,1,0,12),(1255,1,0,12),(1256,1,0,12),(1257,1,0,12),(1258,1,0,12),(1259,1,0,12),(1260,1,0,12),(1261,1,0,12),(1262,1,0,12),(1263,1,0,12),(1264,1,0,12),(1265,1,0,12),(1266,1,0,12),(1267,1,0,12),(1268,1,0,12),(1269,1,0,12),(1270,1,0,12),(1271,1,0,12),(1272,1,0,12),(1273,1,0,12),(1274,1,0,12),(1275,1,0,12),(1276,1,0,12),(1277,1,0,12),(1278,1,0,12),(1279,1,0,12),(1280,1,0,12),(1281,1,0,12),(1282,1,0,12),(1283,1,0,12),(1284,1,0,12),(1285,1,0,12),(1286,1,0,12),(1287,1,0,12),(1288,1,0,12),(1289,1,0,12),(1290,1,0,12),(1291,1,0,12),(1292,1,0,12),(1293,1,0,12),(1294,1,0,12),(1295,1,0,12),(1296,1,0,12),(1297,1,0,12),(1298,1,0,12),(1299,1,0,12),(1300,1,0,13),(1301,1,0,13),(1302,1,0,13),(1303,1,0,13),(1304,1,0,13),(1305,1,0,13),(1306,1,0,13),(1307,1,0,13),(1308,1,0,13),(1309,1,0,13),(1310,1,0,13),(1311,1,0,13),(1312,1,0,13),(1313,1,0,13),(1314,1,0,13),(1315,1,0,13),(1316,1,0,13),(1317,1,0,13),(1318,1,0,13),(1319,1,0,13),(1320,1,0,13),(1321,1,0,13),(1322,1,0,13),(1323,1,0,13),(1324,1,0,13),(1325,1,0,13),(1326,1,0,13),(1327,1,0,13),(1328,1,0,13),(1329,1,0,13),(1330,1,0,13),(1331,1,0,13),(1332,1,0,13),(1333,1,0,13),(1334,1,0,13),(1335,1,0,13),(1336,1,0,13),(1337,1,0,13),(1338,1,0,13),(1339,1,0,13),(1340,1,0,13),(1341,1,0,13),(1342,1,0,13),(1343,1,0,13),(1344,1,0,13),(1345,1,0,13),(1346,1,0,13),(1347,1,0,13),(1348,1,0,13),(1349,1,0,13),(1350,1,0,13),(1351,1,0,13),(1352,1,0,13),(1353,1,0,13),(1354,1,0,13),(1355,1,0,13),(1356,1,0,13),(1357,1,0,13),(1358,1,0,13),(1359,1,0,13),(1360,1,0,13),(1361,1,0,13),(1362,1,0,13),(1363,1,0,13),(1364,1,0,13),(1365,1,0,13),(1366,1,0,13),(1367,1,0,13),(1368,1,0,13),(1369,1,0,13),(1370,1,0,13),(1371,1,0,13),(1372,1,0,13),(1373,1,0,13),(1374,1,0,13),(1375,1,0,13),(1376,1,0,13),(1377,1,0,13),(1378,1,0,13),(1379,1,0,13),(1380,1,0,13),(1381,1,0,13),(1382,1,0,13),(1383,1,0,13),(1384,1,0,13),(1385,1,0,13),(1386,1,0,13),(1387,1,0,13),(1388,1,0,13),(1389,1,0,13),(1390,1,0,13),(1391,1,0,13),(1392,1,0,13),(1393,1,0,13),(1394,1,0,13),(1395,1,0,13),(1396,1,0,13),(1397,1,0,13),(1398,1,0,13),(1399,1,0,13),(1400,1,0,14),(1401,1,0,14),(1402,1,0,14),(1403,1,0,14),(1404,1,0,14),(1405,1,0,14),(1406,1,0,14),(1407,1,0,14),(1408,1,0,14),(1409,1,0,14),(1410,1,0,14),(1411,1,0,14),(1412,1,0,14),(1413,1,0,14),(1414,1,0,14),(1415,1,0,14),(1416,1,0,14),(1417,1,0,14),(1418,1,0,14),(1419,1,0,14),(1420,1,0,14),(1421,1,0,14),(1422,1,0,14),(1423,1,0,14),(1424,1,0,14),(1425,1,0,14),(1426,1,0,14),(1427,1,0,14),(1428,1,0,14),(1429,1,0,14),(1430,1,0,14),(1431,1,0,14),(1432,1,0,14),(1433,1,0,14),(1434,1,0,14),(1435,1,0,14),(1436,1,0,14),(1437,1,0,14),(1438,1,0,14),(1439,1,0,14),(1440,1,0,14),(1441,1,0,14),(1442,1,0,14),(1443,1,0,14),(1444,1,0,14),(1445,1,0,14),(1446,1,0,14),(1447,1,0,14),(1448,1,0,14),(1449,1,0,14),(1450,1,0,14),(1451,1,0,14),(1452,1,0,14),(1453,1,0,14),(1454,1,0,14),(1455,1,0,14),(1456,1,0,14),(1457,1,0,14),(1458,1,0,14),(1459,1,0,14),(1460,1,0,14),(1461,1,0,14),(1462,1,0,14),(1463,1,0,14),(1464,1,0,14),(1465,1,0,14),(1466,1,0,14),(1467,1,0,14),(1468,1,0,14),(1469,1,0,14),(1470,1,0,14),(1471,1,0,14),(1472,1,0,14),(1473,1,0,14),(1474,1,0,14),(1475,1,0,14),(1476,1,0,14),(1477,1,0,14),(1478,1,0,14),(1479,1,0,14),(1480,1,0,14),(1481,1,0,14),(1482,1,0,14),(1483,1,0,14),(1484,1,0,14),(1485,1,0,14),(1486,1,0,14),(1487,1,0,14),(1488,1,0,14),(1489,1,0,14),(1490,1,0,14),(1491,1,0,14),(1492,1,0,14),(1493,1,0,14),(1494,1,0,14),(1495,1,0,14),(1496,1,0,14),(1497,1,0,14),(1498,1,0,14),(1499,1,0,14),(1500,1,0,15),(1501,1,0,15),(1502,1,0,15),(1503,1,0,15),(1504,1,0,15),(1505,1,0,15),(1506,1,0,15),(1507,1,0,15),(1508,1,0,15),(1509,1,0,15),(1510,1,0,15),(1511,1,0,15),(1512,1,0,15),(1513,1,0,15),(1514,1,0,15),(1515,1,0,15),(1516,1,0,15),(1517,1,0,15),(1518,1,0,15),(1519,1,0,15),(1520,1,0,15),(1521,1,0,15),(1522,1,0,15),(1523,1,0,15),(1524,1,0,15),(1525,1,0,15),(1526,1,0,15),(1527,1,0,15),(1528,1,0,15),(1529,1,0,15),(1530,1,0,15),(1531,1,0,15),(1532,1,0,15),(1533,1,0,15),(1534,1,0,15),(1535,1,0,15),(1536,1,0,15),(1537,1,0,15),(1538,1,0,15),(1539,1,0,15),(1540,1,0,15),(1541,1,0,15),(1542,1,0,15),(1543,1,0,15),(1544,1,0,15),(1545,1,0,15),(1546,1,0,15),(1547,1,0,15),(1548,1,0,15),(1549,1,0,15),(1550,1,0,15),(1551,1,0,15),(1552,1,0,15),(1553,1,0,15),(1554,1,0,15),(1555,1,0,15),(1556,1,0,15),(1557,1,0,15),(1558,1,0,15),(1559,1,0,15),(1560,1,0,15),(1561,1,0,15),(1562,1,0,15),(1563,1,0,15),(1564,1,0,15),(1565,1,0,15),(1566,1,0,15),(1567,1,0,15),(1568,1,0,15),(1569,1,0,15),(1570,1,0,15),(1571,1,0,15),(1572,1,0,15),(1573,1,0,15),(1574,1,0,15),(1575,1,0,15),(1576,1,0,15),(1577,1,0,15),(1578,1,0,15),(1579,1,0,15),(1580,1,0,15),(1581,1,0,15),(1582,1,0,15),(1583,1,0,15),(1584,1,0,15),(1585,1,0,15),(1586,1,0,15),(1587,1,0,15),(1588,1,0,15),(1589,1,0,15),(1590,1,0,15),(1591,1,0,15),(1592,1,0,15),(1593,1,0,15),(1594,1,0,15),(1595,1,0,15),(1596,1,0,15),(1597,1,0,15),(1598,1,0,15),(1599,1,0,15),(1600,1,0,16),(1601,1,0,16),(1602,1,0,16),(1603,1,0,16),(1604,1,0,16),(1605,1,0,16),(1606,1,0,16),(1607,1,0,16),(1608,1,0,16),(1609,1,0,16),(1610,1,0,16),(1611,1,0,16),(1612,1,0,16),(1613,1,0,16),(1614,1,0,16),(1615,1,0,16),(1616,1,0,16),(1617,1,0,16),(1618,1,0,16),(1619,1,0,16),(1620,1,0,16),(1621,1,0,16),(1622,1,0,16),(1623,1,0,16),(1624,1,0,16),(1625,1,0,16),(1626,1,0,16),(1627,1,0,16),(1628,1,0,16),(1629,1,0,16),(1630,1,0,16),(1631,1,0,16),(1632,1,0,16),(1633,1,0,16),(1634,1,0,16),(1635,1,0,16),(1636,1,0,16),(1637,1,0,16),(1638,1,0,16),(1639,1,0,16),(1640,1,0,16),(1641,1,0,16),(1642,1,0,16),(1643,1,0,16),(1644,1,0,16),(1645,1,0,16),(1646,1,0,16),(1647,1,0,16),(1648,1,0,16),(1649,1,0,16),(1650,1,0,16),(1651,1,0,16),(1652,1,0,16),(1653,1,0,16),(1654,1,0,16),(1655,1,0,16),(1656,1,0,16),(1657,1,0,16),(1658,1,0,16),(1659,1,0,16),(1660,1,0,16),(1661,1,0,16),(1662,1,0,16),(1663,1,0,16),(1664,1,0,16),(1665,1,0,16),(1666,1,0,16),(1667,1,0,16),(1668,1,0,16),(1669,1,0,16),(1670,1,0,16),(1671,1,0,16),(1672,1,0,16),(1673,1,0,16),(1674,1,0,16),(1675,1,0,16),(1676,1,0,16),(1677,1,0,16),(1678,1,0,16),(1679,1,0,16),(1680,1,0,16),(1681,1,0,16),(1682,1,0,16),(1683,1,0,16),(1684,1,0,16),(1685,1,0,16),(1686,1,0,16),(1687,1,0,16),(1688,1,0,16),(1689,1,0,16),(1690,1,0,16),(1691,1,0,16),(1692,1,0,16),(1693,1,0,16),(1694,1,0,16),(1695,1,0,16),(1696,1,0,16),(1697,1,0,16),(1698,1,0,16),(1699,1,0,16),(1700,1,0,17),(1701,1,0,17),(1702,1,0,17),(1703,1,0,17),(1704,1,0,17),(1705,1,0,17),(1706,1,0,17),(1707,1,0,17),(1708,1,0,17),(1709,1,0,17),(1710,1,0,17),(1711,1,0,17),(1712,1,0,17),(1713,1,0,17),(1714,1,0,17),(1715,1,0,17),(1716,1,0,17),(1717,1,0,17),(1718,1,0,17),(1719,1,0,17),(1720,1,0,17),(1721,1,0,17),(1722,1,0,17),(1723,1,0,17),(1724,1,0,17),(1725,1,0,17),(1726,1,0,17),(1727,1,0,17),(1728,1,0,17),(1729,1,0,17),(1730,1,0,17),(1731,1,0,17),(1732,1,0,17),(1733,1,0,17),(1734,1,0,17),(1735,1,0,17),(1736,1,0,17),(1737,1,0,17),(1738,1,0,17),(1739,1,0,17),(1740,1,0,17),(1741,1,0,17),(1742,1,0,17),(1743,1,0,17),(1744,1,0,17),(1745,1,0,17),(1746,1,0,17),(1747,1,0,17),(1748,1,0,17),(1749,1,0,17),(1750,1,0,17),(1751,1,0,17),(1752,1,0,17),(1753,1,0,17),(1754,1,0,17),(1755,1,0,17),(1756,1,0,17),(1757,1,0,17),(1758,1,0,17),(1759,1,0,17),(1760,1,0,17),(1761,1,0,17),(1762,1,0,17),(1763,1,0,17),(1764,1,0,17),(1765,1,0,17),(1766,1,0,17),(1767,1,0,17),(1768,1,0,17),(1769,1,0,17),(1770,1,0,17),(1771,1,0,17),(1772,1,0,17),(1773,1,0,17),(1774,1,0,17),(1775,1,0,17),(1776,1,0,17),(1777,1,0,17),(1778,1,0,17),(1779,1,0,17),(1780,1,0,17),(1781,1,0,17),(1782,1,0,17),(1783,1,0,17),(1784,1,0,17),(1785,1,0,17),(1786,1,0,17),(1787,1,0,17),(1788,1,0,17),(1789,1,0,17),(1790,1,0,17),(1791,1,0,17),(1792,1,0,17),(1793,1,0,17),(1794,1,0,17),(1795,1,0,17),(1796,1,0,17),(1797,1,0,17),(1798,1,0,17),(1799,1,0,17),(1800,1,0,18),(1801,1,0,18),(1802,1,0,18),(1803,1,0,18),(1804,1,0,18),(1805,1,0,18),(1806,1,0,18),(1807,1,0,18),(1808,1,0,18),(1809,1,0,18),(1810,1,0,18),(1811,1,0,18),(1812,1,0,18),(1813,1,0,18),(1814,1,0,18),(1815,1,0,18),(1816,1,0,18),(1817,1,0,18),(1818,1,0,18),(1819,1,0,18),(1820,1,0,18),(1821,1,0,18),(1822,1,0,18),(1823,1,0,18),(1824,1,0,18),(1825,1,0,18),(1826,1,0,18),(1827,1,0,18),(1828,1,0,18),(1829,1,0,18),(1830,1,0,18),(1831,1,0,18),(1832,1,0,18),(1833,1,0,18),(1834,1,0,18),(1835,1,0,18),(1836,1,0,18),(1837,1,0,18),(1838,1,0,18),(1839,1,0,18),(1840,1,0,18),(1841,1,0,18),(1842,1,0,18),(1843,1,0,18),(1844,1,0,18),(1845,1,0,18),(1846,1,0,18),(1847,1,0,18),(1848,1,0,18),(1849,1,0,18),(1850,1,0,18),(1851,1,0,18),(1852,1,0,18),(1853,1,0,18),(1854,1,0,18),(1855,1,0,18),(1856,1,0,18),(1857,1,0,18),(1858,1,0,18),(1859,1,0,18),(1860,1,0,18),(1861,1,0,18),(1862,1,0,18),(1863,1,0,18),(1864,1,0,18),(1865,1,0,18),(1866,1,0,18),(1867,1,0,18),(1868,1,0,18),(1869,1,0,18),(1870,1,0,18),(1871,1,0,18),(1872,1,0,18),(1873,1,0,18),(1874,1,0,18),(1875,1,0,18),(1876,1,0,18),(1877,1,0,18),(1878,1,0,18),(1879,1,0,18),(1880,1,0,18),(1881,1,0,18),(1882,1,0,18),(1883,1,0,18),(1884,1,0,18),(1885,1,0,18),(1886,1,0,18),(1887,1,0,18),(1888,1,0,18),(1889,1,0,18),(1890,1,0,18),(1891,1,0,18),(1892,1,0,18),(1893,1,0,18),(1894,1,0,18),(1895,1,0,18),(1896,1,0,18),(1897,1,0,18),(1898,1,0,18),(1899,1,0,18),(1900,1,0,19),(1901,1,0,19),(1902,1,0,19),(1903,1,0,19),(1904,1,0,19),(1905,1,0,19),(1906,1,0,19),(1907,1,0,19),(1908,1,0,19),(1909,1,0,19),(1910,1,0,19),(1911,1,0,19),(1912,1,0,19),(1913,1,0,19),(1914,1,0,19),(1915,1,0,19),(1916,1,0,19),(1917,1,0,19),(1918,1,0,19),(1919,1,0,19),(1920,1,0,19),(1921,1,0,19),(1922,1,0,19),(1923,1,0,19),(1924,1,0,19),(1925,1,0,19),(1926,1,0,19),(1927,1,0,19),(1928,1,0,19),(1929,1,0,19),(1930,1,0,19),(1931,1,0,19),(1932,1,0,19),(1933,1,0,19),(1934,1,0,19),(1935,1,0,19),(1936,1,0,19),(1937,1,0,19),(1938,1,0,19),(1939,1,0,19),(1940,1,0,19),(1941,1,0,19),(1942,1,0,19),(1943,1,0,19),(1944,1,0,19),(1945,1,0,19),(1946,1,0,19),(1947,1,0,19),(1948,1,0,19),(1949,1,0,19),(1950,1,0,19),(1951,1,0,19),(1952,1,0,19),(1953,1,0,19),(1954,1,0,19),(1955,1,0,19),(1956,1,0,19),(1957,1,0,19),(1958,1,0,19),(1959,1,0,19),(1960,1,0,19),(1961,1,0,19),(1962,1,0,19),(1963,1,0,19),(1964,1,0,19),(1965,1,0,19),(1966,1,0,19),(1967,1,0,19),(1968,1,0,19),(1969,1,0,19),(1970,1,0,19),(1971,1,0,19),(1972,1,0,19),(1973,1,0,19),(1974,1,0,19),(1975,1,0,19),(1976,1,0,19),(1977,1,0,19),(1978,1,0,19),(1979,1,0,19),(1980,1,0,19),(1981,1,0,19),(1982,1,0,19),(1983,1,0,19),(1984,1,0,19),(1985,1,0,19),(1986,1,0,19),(1987,1,0,19),(1988,1,0,19),(1989,1,0,19),(1990,1,0,19),(1991,1,0,19),(1992,1,0,19),(1993,1,0,19),(1994,1,0,19),(1995,1,0,19),(1996,1,0,19),(1997,1,0,19),(1998,1,0,19),(1999,1,0,19),(2000,2,0,20),(2001,2,0,20),(2002,2,0,20),(2003,2,0,20),(2004,2,0,20),(2005,2,0,20),(2006,2,0,20),(2007,2,0,20),(2008,2,0,20),(2009,2,0,20),(2010,2,0,20),(2012,2,0,20),(2013,2,0,20),(2014,2,0,20),(2015,2,0,20),(2016,2,0,20),(2017,2,0,20),(2018,2,0,20),(2019,2,0,20),(2020,2,0,20),(2021,2,0,20),(2022,2,0,20),(2023,2,0,20),(2024,2,0,20),(2025,2,0,20),(2026,2,0,20),(2027,2,0,20),(2028,2,0,20),(2029,2,0,20),(2030,2,0,20),(2031,2,0,20),(2032,2,0,20),(2033,2,0,20),(2034,2,0,20),(2035,2,0,20),(2036,2,0,20),(2037,2,0,20),(2038,2,0,20),(2039,2,0,20),(2040,2,0,20),(2041,2,0,20),(2042,2,0,20),(2043,2,0,20),(2044,2,0,20),(2045,2,0,20),(2046,2,0,20),(2047,2,0,20),(2048,2,0,20),(2049,2,0,20),(2050,2,0,20),(2051,2,0,20),(2052,2,0,20),(2053,2,0,20),(2054,2,0,20),(2055,2,0,20),(2056,2,0,20),(2057,2,0,20),(2058,2,0,20),(2059,2,0,20),(2060,2,0,20),(2061,2,0,20),(2062,2,0,20),(2063,2,0,20),(2064,2,0,20),(2065,2,0,20),(2066,2,0,20),(2067,2,0,20),(2068,2,0,20),(2069,2,0,20),(2070,2,0,20),(2071,2,0,20),(2072,2,0,20),(2073,2,0,20),(2074,2,0,20),(2075,2,0,20),(2076,2,0,20),(2077,2,0,20),(2078,2,0,20),(2079,2,0,20),(2080,2,0,20),(2081,2,0,20),(2082,2,0,20),(2083,2,0,20),(2084,2,0,20),(2085,2,0,20),(2086,2,0,20),(2087,2,0,20),(2088,2,0,20),(2089,2,0,20),(2090,2,0,20),(2091,2,0,20),(2092,2,0,20),(2093,2,0,20),(2094,2,0,20),(2095,2,0,20),(2096,2,0,20),(2097,2,0,20),(2098,2,0,20),(2099,2,0,20),(2100,2,0,21),(2101,2,0,21),(2102,2,0,21),(2103,2,0,21),(2104,2,0,21),(2105,2,0,21),(2106,2,0,21),(2107,2,0,21),(2108,2,0,21),(2109,2,0,21),(2110,2,0,21),(2111,2,0,21),(2112,2,0,21),(2113,2,0,21),(2114,2,0,21),(2115,2,0,21),(2116,2,0,21),(2117,2,0,21),(2118,2,0,21),(2119,2,0,21),(2120,2,0,21),(2121,2,0,21),(2122,2,0,21),(2123,2,0,21),(2124,2,0,21),(2125,2,0,21),(2126,2,0,21),(2127,2,0,21),(2128,2,0,21),(2129,2,0,21),(2130,2,0,21),(2131,2,0,21),(2132,2,0,21),(2133,2,0,21),(2134,2,0,21),(2135,2,0,21),(2136,2,0,21),(2137,2,0,21),(2138,2,0,21),(2139,2,0,21),(2140,2,0,21),(2141,2,0,21),(2142,2,0,21),(2143,2,0,21),(2144,2,0,21),(2145,2,0,21),(2146,2,0,21),(2147,2,0,21),(2148,2,0,21),(2149,2,0,21),(2150,2,0,21),(2151,2,0,21),(2152,2,0,21),(2153,2,0,21),(2154,2,0,21),(2155,2,0,21),(2156,2,0,21),(2157,2,0,21),(2158,2,0,21),(2159,2,0,21),(2160,2,0,21),(2161,2,0,21),(2162,2,0,21),(2163,2,0,21),(2164,2,0,21),(2165,2,0,21),(2166,2,0,21),(2167,2,0,21),(2168,2,0,21),(2169,2,0,21),(2170,2,0,21),(2171,2,0,21),(2172,2,0,21),(2173,2,0,21),(2174,2,0,21),(2175,2,0,21),(2176,2,0,21),(2177,2,0,21),(2178,2,0,21),(2179,2,0,21),(2180,2,0,21),(2181,2,0,21),(2182,2,0,21),(2183,2,0,21),(2184,2,0,21),(2185,2,0,21),(2186,2,0,21),(2187,2,0,21),(2188,2,0,21),(2189,2,0,21),(2190,2,0,21),(2191,2,0,21),(2192,2,0,21),(2193,2,0,21),(2194,2,0,21),(2195,2,0,21),(2196,2,0,21),(2197,2,0,21),(2198,2,0,21),(2199,2,0,21),(2200,2,0,22),(2201,2,0,22),(2202,2,0,22),(2203,2,0,22),(2204,2,0,22),(2205,2,0,22),(2206,2,0,22),(2207,2,0,22),(2208,2,0,22),(2209,2,0,22),(2210,2,0,22),(2211,2,0,22),(2212,2,0,22),(2213,1,0,12),(2214,2,0,22),(2215,2,0,22),(2217,2,0,22),(2218,2,0,22),(2219,2,0,22),(2220,2,0,22),(2221,2,0,22),(2222,2,0,22),(2223,2,0,22),(2224,2,0,22),(2225,2,0,22),(2226,2,0,22),(2227,2,0,22),(2228,2,0,22),(2229,2,0,22),(2230,2,0,22),(2231,2,0,22),(2232,2,0,22),(2233,2,0,22),(2234,2,0,22),(2235,2,0,22),(2236,2,0,22),(2237,2,0,22),(2238,2,0,22),(2239,2,0,22),(2240,2,0,22),(2241,2,0,22),(2242,2,0,22),(2243,2,0,22),(2244,2,0,22),(2245,2,0,22),(2246,2,0,22),(2247,2,0,22),(2248,2,0,22),(2249,2,0,22),(2250,2,0,22),(2251,2,0,22),(2252,2,0,22),(2253,2,0,22),(2254,2,0,22),(2255,2,0,22),(2256,2,0,22),(2257,2,0,22),(2258,2,0,22),(2259,2,0,22),(2260,2,0,22),(2261,2,0,22),(2262,2,0,22),(2263,2,0,22),(2264,2,0,22),(2265,2,0,22),(2266,2,0,22),(2267,2,0,22),(2268,2,0,22),(2269,2,0,22),(2270,2,0,22),(2271,2,0,22),(2272,2,0,22),(2273,2,0,22),(2274,2,0,22),(2275,2,0,22),(2276,2,0,22),(2277,2,0,22),(2278,2,0,22),(2279,2,0,22),(2280,2,0,22),(2281,2,0,22),(2282,2,0,22),(2283,2,0,22),(2284,2,0,22),(2285,2,0,22),(2286,2,0,22),(2287,2,0,22),(2288,2,0,22),(2289,2,0,22),(2290,2,0,22),(2291,2,0,22),(2292,2,0,22),(2293,2,0,22),(2294,2,0,22),(2295,2,0,22),(2296,2,0,22),(2297,2,0,22),(2298,2,0,22),(2299,2,0,22),(2300,2,0,23),(2301,2,0,23),(2302,2,0,23),(2303,2,0,23),(2304,2,0,23),(2305,2,0,23),(2306,2,0,23),(2307,2,0,23),(2308,2,0,23),(2309,2,0,23),(2310,2,0,23),(2311,2,0,23),(2312,2,0,23),(2313,2,0,23),(2314,2,0,23),(2315,2,0,23),(2316,2,0,23),(2317,2,0,23),(2318,2,0,23),(2319,2,0,23),(2320,2,0,23),(2321,2,0,23),(2322,2,0,23),(2323,2,0,23),(2324,2,0,23),(2325,2,0,23),(2326,2,0,23),(2327,2,0,23),(2328,2,0,23),(2329,2,0,23),(2330,2,0,23),(2331,2,0,23),(2332,2,0,23),(2333,2,0,23),(2334,2,0,23),(2335,2,0,23),(2336,2,0,23),(2337,2,0,23),(2338,2,0,23),(2339,2,0,23),(2340,2,0,23),(2341,2,0,23),(2342,2,0,23),(2343,2,0,23),(2344,2,0,23),(2345,2,0,23),(2346,2,0,23),(2347,2,0,23),(2348,2,0,23),(2349,2,0,23),(2350,2,0,23),(2351,2,0,23),(2352,2,0,23),(2353,2,0,23),(2354,2,0,23),(2355,2,0,23),(2356,2,0,23),(2357,2,0,23),(2358,2,0,23),(2359,2,0,23),(2360,2,0,23),(2361,2,0,23),(2362,2,0,23),(2363,2,0,23),(2364,2,0,23),(2365,2,0,23),(2366,2,0,23),(2367,2,0,23),(2368,2,0,23),(2369,2,0,23),(2370,2,0,23),(2371,2,0,23),(2372,2,0,23),(2373,2,0,23),(2374,2,0,23),(2375,2,0,23),(2376,2,0,23),(2377,2,0,23),(2378,2,0,23),(2379,2,0,23),(2380,2,0,23),(2381,2,0,23),(2382,2,0,23),(2383,2,0,23),(2384,2,0,23),(2385,2,0,23),(2386,2,0,23),(2387,2,0,23),(2388,2,0,23),(2389,2,0,23),(2390,2,0,23),(2391,2,0,23),(2392,2,0,23),(2393,2,0,23),(2394,2,0,23),(2395,2,0,23),(2396,2,0,23),(2397,2,0,23),(2398,2,0,23),(2399,2,0,23),(2400,2,0,24),(2401,2,0,24),(2402,2,0,24),(2403,2,0,24),(2404,2,0,24),(2405,2,0,24),(2406,2,0,24),(2407,2,0,24),(2408,2,0,24),(2409,2,0,24),(2410,2,0,24),(2411,2,0,24),(2412,2,0,24),(2413,2,0,24),(2414,2,0,24),(2415,2,0,24),(2416,2,0,24),(2417,2,0,24),(2418,2,0,24),(2419,2,0,24),(2420,2,0,24),(2421,2,0,24),(2422,2,0,24),(2423,2,0,24),(2424,2,0,24),(2425,2,0,24),(2426,2,0,24),(2427,2,0,24),(2428,2,0,24),(2429,2,0,24),(2430,2,0,24),(2431,2,0,24),(2432,2,0,24),(2433,2,0,24),(2434,2,0,24),(2435,2,0,24),(2436,2,0,24),(2437,2,0,24),(2438,2,0,24),(2439,2,0,24),(2440,2,0,24),(2441,2,0,24),(2442,2,0,24),(2443,2,0,24),(2444,2,0,24),(2445,2,0,24),(2446,2,0,24),(2447,2,0,24),(2448,2,0,24),(2449,2,0,24),(2450,2,0,24),(2451,2,0,24),(2452,2,0,24),(2453,2,0,24),(2454,2,0,24),(2455,2,0,24),(2456,2,0,24),(2457,2,0,24),(2458,2,0,24),(2459,2,0,24),(2460,2,0,24),(2461,2,0,24),(2462,2,0,24),(2463,2,0,24),(2464,2,0,24),(2465,2,0,24),(2466,2,0,24),(2467,2,0,24),(2468,2,0,24),(2469,2,0,24),(2470,2,0,24),(2471,2,0,24),(2472,2,0,24),(2473,2,0,24),(2474,2,0,24),(2475,2,0,24),(2476,2,0,24),(2477,2,0,24),(2478,2,0,24),(2479,2,0,24),(2480,2,0,24),(2481,2,0,24),(2482,2,0,24),(2483,2,0,24),(2484,2,0,24),(2485,2,0,24),(2486,2,0,24),(2487,2,0,24),(2488,2,0,24),(2489,2,0,24),(2490,2,0,24),(2491,2,0,24),(2492,2,0,24),(2493,2,0,24),(2494,2,0,24),(2495,2,0,24),(2496,2,0,24),(2497,2,0,24),(2498,2,0,24),(2499,2,0,24),(2500,2,0,25),(2501,2,0,25),(2502,2,0,25),(2503,2,0,25),(2504,2,0,25),(2505,2,0,25),(2506,2,0,25),(2507,2,0,25),(2508,2,0,25),(2509,2,0,25),(2510,2,0,25),(2511,2,0,25),(2512,2,0,25),(2513,2,0,25),(2514,2,0,25),(2515,2,0,25),(2516,2,0,25),(2517,2,0,25),(2518,2,0,25),(2519,2,0,25),(2520,2,0,25),(2521,2,0,15),(2522,2,0,25),(2523,2,0,25),(2524,2,0,25),(2525,2,0,25),(2526,2,0,25),(2527,2,0,25),(2528,2,0,25),(2529,2,0,25),(2530,2,0,25),(2531,2,0,25),(2532,2,0,25),(2533,2,0,25),(2534,2,0,25),(2535,2,0,25),(2536,2,0,25),(2537,2,0,25),(2538,2,0,25),(2539,2,0,25),(2540,2,0,25),(2541,2,0,25),(2542,2,0,25),(2543,2,0,25),(2544,2,0,25),(2545,2,0,25),(2546,2,0,25),(2547,2,0,25),(2548,2,0,25),(2549,2,0,25),(2550,2,0,25),(2551,2,0,25),(2552,2,0,25),(2553,2,0,25),(2554,2,0,25),(2555,2,0,25),(2556,2,0,25),(2557,2,0,25),(2558,2,0,25),(2559,2,0,25),(2560,2,0,25),(2561,2,0,25),(2562,2,0,25),(2563,2,0,25),(2564,2,0,25),(2565,2,0,25),(2566,2,0,25),(2567,2,0,25),(2568,2,0,25),(2569,2,0,25),(2570,2,0,25),(2571,2,0,25),(2572,2,0,25),(2573,2,0,25),(2574,2,0,25),(2575,2,0,25),(2576,2,0,25),(2577,2,0,25),(2578,2,0,25),(2579,2,0,25),(2580,2,0,25),(2581,2,0,25),(2582,2,0,25),(2583,2,0,25),(2584,2,0,25),(2585,2,0,25),(2586,2,0,25),(2587,2,0,25),(2588,2,0,25),(2589,2,0,25),(2590,2,0,25),(2591,2,0,25),(2592,2,0,25),(2593,2,0,25),(2594,2,0,25),(2595,2,0,25),(2596,2,0,25),(2597,2,0,25),(2598,2,0,25),(2599,2,0,25),(2600,2,0,26),(2601,2,0,26),(2602,2,0,26),(2603,2,0,26),(2604,2,0,26),(2605,2,0,26),(2606,2,0,26),(2607,2,0,26),(2608,2,0,26),(2609,2,0,26),(2610,2,0,26),(2611,2,0,26),(2612,2,0,26),(2613,2,0,26),(2614,2,0,26),(2615,2,0,26),(2616,2,0,26),(2617,2,0,26),(2618,2,0,26),(2619,2,0,26),(2620,2,0,26),(2621,2,0,26),(2622,2,0,26),(2623,2,0,26),(2624,2,0,26),(2625,2,0,26),(2626,2,0,26),(2627,2,0,26),(2628,2,0,26),(2629,2,0,26),(2630,2,0,26),(2631,2,0,26),(2632,2,0,26),(2633,2,0,26),(2634,2,0,26),(2635,2,0,26),(2636,2,0,16),(2637,2,0,26),(2638,2,0,26),(2639,2,0,26),(2640,2,0,26),(2641,2,0,26),(2642,2,0,26),(2643,2,0,26),(2644,2,0,26),(2645,2,0,26),(2646,2,0,26),(2647,2,0,26),(2648,2,0,26),(2649,2,0,26),(2650,2,0,26),(2651,2,0,26),(2652,2,0,26),(2653,2,0,26),(2654,2,0,26),(2655,2,0,26),(2656,2,0,26),(2657,2,0,26),(2658,2,0,26),(2659,2,0,26),(2660,2,0,26),(2661,2,0,26),(2662,2,0,26),(2663,2,0,26),(2664,2,0,26),(2665,2,0,26),(2666,2,0,26),(2667,2,0,26),(2668,2,0,26),(2669,2,0,26),(2670,2,0,26),(2671,2,0,26),(2672,2,0,26),(2673,2,0,26),(2674,2,0,26),(2675,2,0,26),(2676,2,0,26),(2677,2,0,26),(2678,2,0,26),(2679,2,0,26),(2680,2,0,26),(2681,2,0,26),(2682,2,0,26),(2683,2,0,26),(2684,2,0,26),(2685,2,0,26),(2686,2,0,26),(2687,2,0,26),(2688,2,0,26),(2689,2,0,26),(2690,2,0,26),(2691,2,0,26),(2692,2,0,26),(2693,2,0,26),(2694,2,0,26),(2695,2,0,26),(2696,2,0,26),(2697,2,0,26),(2698,2,0,26),(2699,2,0,26),(2700,2,0,27),(2701,2,0,27),(2702,2,0,27),(2703,2,0,27),(2704,2,0,27),(2705,2,0,27),(2706,2,0,27),(2707,2,0,27),(2708,2,0,27),(2709,2,0,27),(2710,2,0,27),(2711,2,0,27),(2712,2,0,27),(2713,2,0,27),(2714,2,0,27),(2715,2,0,27),(2716,2,0,27),(2717,2,0,27),(2718,2,0,27),(2719,2,0,27),(2720,2,0,27),(2721,2,0,27),(2722,2,0,27),(2723,2,0,27),(2724,2,0,27),(2725,2,0,27),(2726,2,0,27),(2727,2,0,27),(2728,2,0,27),(2729,2,0,27),(2730,2,0,27),(2731,2,0,27),(2732,2,0,27),(2733,2,0,27),(2734,2,0,27),(2735,2,0,27),(2736,2,0,27),(2737,2,0,27),(2738,2,0,27),(2739,2,0,27),(2740,2,0,27),(2741,2,0,27),(2742,2,0,27),(2743,2,0,27),(2744,2,0,27),(2745,2,0,27),(2746,2,0,27),(2747,2,0,27),(2748,2,0,27),(2749,2,0,27),(2750,2,0,27),(2751,2,0,27),(2752,2,0,27),(2753,2,0,27),(2754,2,0,27),(2755,2,0,27),(2756,2,0,27),(2757,2,0,27),(2758,2,0,27),(2759,2,0,27),(2760,2,0,27),(2761,2,0,27),(2762,2,0,27),(2763,2,0,27),(2764,2,0,27),(2765,2,0,27),(2766,2,0,27),(2767,2,0,27),(2768,2,0,27),(2769,2,0,27),(2770,2,0,27),(2771,2,0,27),(2772,2,0,27),(2773,2,0,27),(2774,2,0,27),(2775,2,0,27),(2776,2,0,27),(2777,2,0,27),(2778,2,0,27),(2779,2,0,27),(2780,2,0,27),(2781,2,0,27),(2782,2,0,27),(2783,2,0,27),(2784,2,0,27),(2785,2,0,27),(2786,2,0,27),(2787,2,0,27),(2788,2,0,27),(2789,2,0,27),(2790,2,0,27),(2791,2,0,27),(2792,2,0,27),(2793,2,0,27),(2794,2,0,27),(2795,2,0,27),(2796,2,0,27),(2797,2,0,27),(2798,2,0,27),(2799,2,0,27),(2800,2,0,28),(2801,2,0,28),(2802,2,0,28),(2803,2,0,28),(2804,2,0,28),(2805,2,0,28),(2806,2,0,28),(2807,2,0,28),(2808,2,0,28),(2809,2,0,28),(2810,2,0,28),(2811,2,0,28),(2812,2,0,28),(2813,2,0,28),(2814,2,0,28),(2815,2,0,28),(2816,2,0,28),(2817,2,0,28),(2818,2,0,28),(2819,2,0,28),(2820,2,0,28),(2821,2,0,28),(2822,2,0,28),(2823,2,0,28),(2824,2,0,28),(2825,2,0,28),(2826,2,0,28),(2827,2,0,28),(2828,2,0,28),(2829,2,0,28),(2830,2,0,28),(2831,2,0,28),(2832,2,0,28),(2833,2,0,28),(2834,2,0,28),(2835,2,0,28),(2836,2,0,28),(2837,2,0,28),(2838,2,0,28),(2839,2,0,28),(2840,2,0,28),(2841,2,0,28),(2842,2,0,28),(2843,2,0,28),(2844,2,0,28),(2845,2,0,28),(2846,2,0,28),(2847,2,0,28),(2848,2,0,28),(2849,2,0,28),(2850,2,0,28),(2851,2,0,28),(2852,2,0,28),(2853,2,0,28),(2854,2,0,28),(2855,2,0,28),(2856,2,0,28),(2857,2,0,28),(2858,2,0,28),(2859,2,0,28),(2860,2,0,28),(2861,2,0,28),(2862,2,0,28),(2863,2,0,28),(2864,2,0,28),(2865,2,0,28),(2866,2,0,28),(2867,2,0,28),(2868,2,0,28),(2869,2,0,28),(2870,2,0,28),(2871,2,0,28),(2872,2,0,28),(2873,2,0,28),(2874,2,0,28),(2875,2,0,28),(2876,2,0,28),(2877,2,0,28),(2878,2,0,28),(2879,2,0,28),(2880,2,0,28),(2881,2,0,28),(2882,2,0,28),(2883,2,0,28),(2884,2,0,28),(2885,2,0,28),(2886,2,0,28),(2887,2,0,28),(2888,2,0,28),(2889,2,0,28),(2890,2,0,28),(2891,2,0,28),(2892,2,0,28),(2893,2,0,28),(2894,2,0,28),(2895,2,0,28),(2896,2,0,28),(2897,2,0,28),(2898,2,0,28),(2899,2,0,28),(2900,2,0,29),(2901,2,0,29),(2902,2,0,29),(2903,2,0,29),(2904,2,0,29),(2905,2,0,29),(2906,2,0,29),(2907,2,0,29),(2908,2,0,29),(2909,2,0,29),(2910,2,0,29),(2911,2,0,29),(2912,2,0,29),(2913,2,0,29),(2914,2,0,29),(2915,2,0,29),(2916,2,0,29),(2917,2,0,29),(2918,2,0,29),(2919,2,0,29),(2920,2,0,29),(2921,2,0,29),(2922,2,0,29),(2923,2,0,29),(2924,2,0,29),(2925,2,0,29),(2926,2,0,29),(2927,2,0,29),(2928,2,0,29),(2929,2,0,29),(2930,2,0,29),(2931,2,0,29),(2932,2,0,29),(2933,2,0,29),(2934,2,0,29),(2935,2,0,29),(2936,2,0,29),(2937,2,0,29),(2938,2,0,29),(2939,2,0,29),(2940,2,0,29),(2941,2,0,29),(2942,2,0,29),(2943,2,0,29),(2944,2,0,29),(2945,2,0,29),(2946,2,0,29),(2947,2,0,29),(2948,2,0,29),(2949,2,0,29),(2950,2,0,29),(2951,2,0,29),(2952,2,0,29),(2953,2,0,29),(2954,2,0,29),(2955,2,0,29),(2956,2,0,29),(2957,2,0,29),(2958,2,0,29),(2959,2,0,29),(2960,2,0,29),(2961,2,0,29),(2962,2,0,29),(2963,2,0,29),(2964,2,0,29),(2965,2,0,29),(2966,2,0,29),(2967,2,0,29),(2968,2,0,29),(2969,2,0,29),(2970,2,0,29),(2971,2,0,29),(2972,2,0,29),(2973,2,0,29),(2974,2,0,29),(2975,2,0,29),(2976,2,0,29),(2977,2,0,29),(2978,2,0,29),(2979,2,0,29),(2980,2,0,29),(2981,2,0,29),(2982,2,0,29),(2983,2,0,29),(2984,2,0,29),(2985,2,0,29),(2986,2,0,29),(2987,2,0,29),(2988,2,0,29),(2989,2,0,29),(2990,2,0,29),(2991,2,0,29),(2992,2,0,29),(2993,2,0,29),(2994,2,0,29),(2995,2,0,29),(2996,2,0,29),(2997,2,0,29),(2998,2,0,29),(2999,2,0,29);
/*!40000 ALTER TABLE `t_seat` ENABLE KEYS */;
UNLOCK TABLES;

--
-- Table structure for table `t_showing`
--

DROP TABLE IF EXISTS `t_showing`;
/*!40101 SET @saved_cs_client     = @@character_set_client */;
/*!40101 SET character_set_client = utf8 */;
CREATE TABLE `t_showing` (
  `f_showing_num` int(10) unsigned zerofill NOT NULL DEFAULT '0000000000',
  `f_screen_num` int(4) NOT NULL,
  `f_movie_num` int(5) NOT NULL,
  `f_showing_st` time NOT NULL,
  `f_showing_end` time NOT NULL,
  `f_showing_date` date NOT NULL,
  `f_seat` int(1) NOT NULL,
  `f_theater_num` int(1) NOT NULL,
  PRIMARY KEY (`f_showing_num`)
) ENGINE=InnoDB DEFAULT CHARSET=utf8;
/*!40101 SET character_set_client = @saved_cs_client */;

--
-- Dumping data for table `t_showing`
--

LOCK TABLES `t_showing` WRITE;
/*!40000 ALTER TABLE `t_showing` DISABLE KEYS */;
INSERT INTO `t_showing` VALUES (0000000001,10,1,'12:30:00','14:30:00','2017-12-01',0,1),(0000000002,10,1,'18:30:00','20:30:00','2017-12-01',0,1),(0000000003,11,2,'12:30:00','14:30:00','2017-12-01',0,1),(0000000004,11,2,'18:30:00','20:30:00','2017-12-01',0,1),(0000000005,12,3,'12:30:00','14:30:00','2017-12-01',0,1),(0000000006,12,3,'18:30:00','20:30:00','2017-12-01',0,1),(0000000007,10,1,'12:30:00','14:30:00','2017-12-02',0,1),(0000000008,10,1,'18:30:00','20:30:00','2017-12-02',0,1),(0000000009,11,2,'12:30:00','14:30:00','2017-12-02',0,1),(0000000010,11,2,'18:30:00','20:30:00','2017-12-02',0,1),(0000000011,12,3,'12:30:00','14:30:00','2017-12-02',0,1),(0000000012,12,3,'18:30:00','20:30:00','2017-12-02',0,1),(0000000013,10,1,'12:30:00','14:30:00','2017-12-03',0,1),(0000000014,10,1,'18:30:00','20:30:00','2017-12-03',0,1),(0000000015,11,2,'12:30:00','14:30:00','2017-12-03',0,1),(0000000016,11,2,'18:30:00','20:30:00','2017-12-03',0,1),(0000000017,12,3,'12:30:00','14:30:00','2017-12-03',0,1),(0000000018,12,3,'18:30:00','20:30:00','2017-12-03',0,1),(0000000019,10,1,'12:30:00','14:30:00','2017-12-04',0,1),(0000000020,10,1,'18:30:00','20:30:00','2017-12-04',0,1),(0000000021,11,2,'12:30:00','14:30:00','2017-12-04',0,1),(0000000022,11,2,'18:30:00','20:30:00','2017-12-04',0,1),(0000000023,12,3,'12:30:00','14:30:00','2017-12-04',0,1),(0000000024,12,3,'18:30:00','20:30:00','2017-12-04',0,1),(0000000025,10,1,'12:30:00','14:30:00','2017-12-05',0,1),(0000000026,10,1,'18:30:00','20:30:00','2017-12-05',0,1),(0000000027,11,2,'12:30:00','14:30:00','2017-12-05',0,1),(0000000028,11,2,'18:30:00','20:30:00','2017-12-05',0,1),(0000000029,12,3,'12:30:00','14:30:00','2017-12-05',0,1),(0000000030,12,3,'18:30:00','20:30:00','2017-12-05',0,1),(0000000031,10,1,'12:30:00','14:30:00','2017-12-06',0,1),(0000000032,10,1,'18:30:00','20:30:00','2017-12-06',0,1),(0000000033,11,2,'12:30:00','14:30:00','2017-12-06',0,1),(0000000034,11,2,'18:30:00','20:30:00','2017-12-06',0,1),(0000000035,12,3,'12:30:00','14:30:00','2017-12-06',0,1),(0000000036,12,3,'18:30:00','20:30:00','2017-12-06',0,1),(0000000037,10,1,'12:30:00','14:30:00','2017-12-07',0,1),(0000000038,10,1,'18:30:00','20:30:00','2017-12-07',0,1),(0000000039,11,2,'12:30:00','14:30:00','2017-12-07',0,1),(0000000040,11,2,'18:30:00','20:30:00','2017-12-07',0,1),(0000000041,12,3,'12:30:00','14:30:00','2017-12-07',0,1),(0000000042,12,3,'18:30:00','20:30:00','2017-12-07',0,1),(0000000043,20,1,'12:30:00','14:30:00','2017-12-01',0,2),(0000000044,20,1,'18:30:00','20:30:00','2017-12-01',0,2),(0000000045,21,2,'12:30:00','14:30:00','2017-12-01',0,2),(0000000046,21,2,'18:30:00','20:30:00','2017-12-01',0,2),(0000000047,22,3,'12:30:00','14:30:00','2017-12-01',0,2),(0000000048,22,3,'18:30:00','20:30:00','2017-12-01',0,2),(0000000049,20,1,'12:30:00','14:30:00','2017-12-02',0,2),(0000000050,20,1,'18:30:00','20:30:00','2017-12-02',0,2),(0000000051,21,2,'12:30:00','14:30:00','2017-12-02',0,2),(0000000052,21,2,'18:30:00','20:30:00','2017-12-02',0,2),(0000000053,22,3,'12:30:00','14:30:00','2017-12-02',0,2),(0000000054,22,3,'18:30:00','20:30:00','2017-12-02',0,2),(0000000055,20,1,'12:30:00','14:30:00','2017-12-03',0,2),(0000000056,20,1,'18:30:00','20:30:00','2017-12-03',0,2),(0000000057,21,2,'12:30:00','14:30:00','2017-12-03',0,2),(0000000058,21,2,'18:30:00','20:30:00','2017-12-03',0,2),(0000000059,22,3,'12:30:00','14:30:00','2017-12-03',0,2),(0000000060,22,3,'18:30:00','20:30:00','2017-12-03',0,2),(0000000061,20,1,'12:30:00','14:30:00','2017-12-04',0,2),(0000000062,20,1,'18:30:00','20:30:00','2017-12-04',0,2),(0000000063,21,2,'12:30:00','14:30:00','2017-12-04',0,2),(0000000064,21,2,'18:30:00','20:30:00','2017-12-04',0,2),(0000000065,22,3,'12:30:00','14:30:00','2017-12-04',0,2),(0000000066,22,3,'18:30:00','20:30:00','2017-12-04',0,2),(0000000067,20,1,'12:30:00','14:30:00','2017-12-05',0,2),(0000000068,20,1,'18:30:00','20:30:00','2017-12-05',0,2),(0000000069,21,2,'12:30:00','14:30:00','2017-12-05',0,2),(0000000070,21,2,'18:30:00','20:30:00','2017-12-05',0,2),(0000000071,22,3,'12:30:00','14:30:00','2017-12-05',0,2),(0000000072,22,3,'18:30:00','20:30:00','2017-12-05',0,2),(0000000073,20,1,'12:30:00','14:30:00','2017-12-06',0,2),(0000000074,20,1,'18:30:00','20:30:00','2017-12-06',0,2),(0000000075,21,2,'12:30:00','14:30:00','2017-12-06',0,2),(0000000076,21,2,'18:30:00','20:30:00','2017-12-06',0,2),(0000000077,22,3,'12:30:00','14:30:00','2017-12-06',0,2),(0000000078,22,3,'18:30:00','20:30:00','2017-12-06',0,2),(0000000079,20,1,'12:30:00','14:30:00','2017-12-07',0,2),(0000000080,20,1,'18:30:00','20:30:00','2017-12-07',0,2),(0000000081,21,2,'12:30:00','14:30:00','2017-12-07',0,2),(0000000082,21,2,'18:30:00','20:30:00','2017-12-07',0,2),(0000000083,22,3,'12:30:00','14:30:00','2017-12-07',0,2),(0000000084,22,3,'18:30:00','20:30:00','2017-12-07',0,2),(0000000085,30,1,'12:30:00','14:30:00','2017-12-01',0,3),(0000000086,30,1,'18:30:00','20:30:00','2017-12-01',0,3),(0000000087,31,2,'12:30:00','14:30:00','2017-12-01',0,3),(0000000088,31,2,'18:30:00','20:30:00','2017-12-01',0,3),(0000000089,32,3,'12:30:00','14:30:00','2017-12-01',0,3),(0000000090,32,3,'18:30:00','20:30:00','2017-12-01',0,3),(0000000091,30,1,'12:30:00','14:30:00','2017-12-02',0,3),(0000000092,30,1,'18:30:00','20:30:00','2017-12-02',0,3),(0000000093,31,2,'12:30:00','14:30:00','2017-12-02',0,3),(0000000094,31,2,'18:30:00','20:30:00','2017-12-02',0,3),(0000000095,32,3,'12:30:00','14:30:00','2017-12-02',0,3),(0000000096,32,3,'18:30:00','20:30:00','2017-12-02',0,3),(0000000097,30,1,'12:30:00','14:30:00','2017-12-03',0,3),(0000000098,30,1,'18:30:00','20:30:00','2017-12-03',0,3),(0000000099,31,2,'12:30:00','14:30:00','2017-12-03',0,3),(0000000100,31,2,'18:30:00','20:30:00','2017-12-03',0,3),(0000000101,32,3,'12:30:00','14:30:00','2017-12-03',0,3),(0000000102,32,3,'18:30:00','20:30:00','2017-12-03',0,3),(0000000103,30,1,'12:30:00','14:30:00','2017-12-04',0,3),(0000000104,30,1,'18:30:00','20:30:00','2017-12-04',0,3),(0000000105,31,2,'12:30:00','14:30:00','2017-12-04',0,3),(0000000106,31,2,'18:30:00','20:30:00','2017-12-04',0,3),(0000000107,32,3,'12:30:00','14:30:00','2017-12-04',0,3),(0000000108,32,3,'18:30:00','20:30:00','2017-12-04',0,3),(0000000109,30,1,'12:30:00','14:30:00','2017-12-05',0,3),(0000000110,30,1,'18:30:00','20:30:00','2017-12-05',0,3),(0000000111,31,2,'12:30:00','14:30:00','2017-12-05',0,3),(0000000112,31,2,'18:30:00','20:30:00','2017-12-05',0,3),(0000000113,32,3,'12:30:00','14:30:00','2017-12-05',0,3),(0000000114,32,3,'18:30:00','20:30:00','2017-12-05',0,3),(0000000115,30,1,'12:30:00','14:30:00','2017-12-06',0,3),(0000000116,30,1,'18:30:00','20:30:00','2017-12-06',0,3),(0000000117,31,2,'12:30:00','14:30:00','2017-12-06',0,3),(0000000118,31,2,'18:30:00','20:30:00','2017-12-06',0,3),(0000000119,32,3,'12:30:00','14:30:00','2017-12-06',0,3),(0000000120,32,3,'18:30:00','20:30:00','2017-12-06',0,3),(0000000121,30,1,'12:30:00','14:30:00','2017-12-07',0,3),(0000000122,30,1,'18:30:00','20:30:00','2017-12-07',0,3),(0000000123,31,2,'12:30:00','14:30:00','2017-12-07',0,3),(0000000124,31,2,'18:30:00','20:30:00','2017-12-07',0,3),(0000000125,32,3,'12:30:00','14:30:00','2017-12-07',0,3),(0000000126,32,3,'18:30:00','20:30:00','2017-12-07',0,3);
/*!40000 ALTER TABLE `t_showing` ENABLE KEYS */;
UNLOCK TABLES;

--
-- Table structure for table `t_theater`
--

DROP TABLE IF EXISTS `t_theater`;
/*!40101 SET @saved_cs_client     = @@character_set_client */;
/*!40101 SET character_set_client = utf8 */;
CREATE TABLE `t_theater` (
  `f_theater_num` int(1) NOT NULL,
  `f_theater_zip` int(7) NOT NULL,
  `f_theater_address` varchar(30) NOT NULL,
  `f_theater_name` varchar(20) NOT NULL,
  `f_tal` varchar(20) NOT NULL,
  `f_owner` varchar(15) NOT NULL,
  PRIMARY KEY (`f_theater_num`)
) ENGINE=InnoDB DEFAULT CHARSET=utf8;
/*!40101 SET character_set_client = @saved_cs_client */;

--
-- Dumping data for table `t_theater`
--

LOCK TABLES `t_theater` WRITE;
/*!40000 ALTER TABLE `t_theater` DISABLE KEYS */;
INSERT INTO `t_theater` VALUES (1,1000014,'東京都千代田区永田町１丁目７?１','HALシネマTOKYO','9044444444','金正恩'),(2,4600007,'愛知県名古屋市中区新栄1-11-8','HALシネマNGY','44444444444','朴槿恵'),(3,5570001,'大阪府大阪市西成区山王３−１−１３','HALシネマOSK','0338365388','張成沢');
/*!40000 ALTER TABLE `t_theater` ENABLE KEYS */;
UNLOCK TABLES;

--
-- Table structure for table `t_ticket`
--

DROP TABLE IF EXISTS `t_ticket`;
/*!40101 SET @saved_cs_client     = @@character_set_client */;
/*!40101 SET character_set_client = utf8 */;
CREATE TABLE `t_ticket` (
  `f_ticket_num` int(1) NOT NULL AUTO_INCREMENT,
  `f_ticket_name` varchar(15) NOT NULL,
  `f_customer_price` int(4) NOT NULL,
  PRIMARY KEY (`f_ticket_num`)
) ENGINE=InnoDB AUTO_INCREMENT=9 DEFAULT CHARSET=utf8;
/*!40101 SET character_set_client = @saved_cs_client */;

--
-- Dumping data for table `t_ticket`
--

LOCK TABLES `t_ticket` WRITE;
/*!40000 ALTER TABLE `t_ticket` DISABLE KEYS */;
INSERT INTO `t_ticket` VALUES (1,'一般',1800),(2,'レディース',1100),(3,'大学生・専門学生',1500),(4,'高校生',1000),(5,'中学生/小学生/幼児',1000),(6,'シニア',1100),(7,'障がい者割引',1000),(8,'夫婦50割',1100);
/*!40000 ALTER TABLE `t_ticket` ENABLE KEYS */;
UNLOCK TABLES;

--
-- Table structure for table `t_user`
--

DROP TABLE IF EXISTS `t_user`;
/*!40101 SET @saved_cs_client     = @@character_set_client */;
/*!40101 SET character_set_client = utf8 */;
CREATE TABLE `t_user` (
  `f_user_id` varchar(20) NOT NULL,
  `f_user_name` varchar(15) NOT NULL,
  `f_user_address` varchar(50) NOT NULL,
  `f_address_code` varchar(8) NOT NULL,
  `f_mail` varchar(400) NOT NULL,
  `f_birthday` date NOT NULL,
  `f_seibetu` int(1) NOT NULL,
  `f_user_tell` varchar(15) NOT NULL,
  `f_user_pin` varchar(12) NOT NULL,
  `f_kaisu` int(1) NOT NULL,
  `f_card_name` varchar(8) NOT NULL,
  `f_card_b` varchar(10) NOT NULL,
  `f_card_time` date NOT NULL,
  `f_card_code` varchar(15) NOT NULL,
  `f_card_security` int(4) NOT NULL,
  PRIMARY KEY (`f_user_id`)
) ENGINE=InnoDB DEFAULT CHARSET=utf8;
/*!40101 SET character_set_client = @saved_cs_client */;

--
-- Dumping data for table `t_user`
--

LOCK TABLES `t_user` WRITE;
/*!40000 ALTER TABLE `t_user` DISABLE KEYS */;
/*!40000 ALTER TABLE `t_user` ENABLE KEYS */;
UNLOCK TABLES;
/*!40103 SET TIME_ZONE=@OLD_TIME_ZONE */;

/*!40101 SET SQL_MODE=@OLD_SQL_MODE */;
/*!40014 SET FOREIGN_KEY_CHECKS=@OLD_FOREIGN_KEY_CHECKS */;
/*!40014 SET UNIQUE_CHECKS=@OLD_UNIQUE_CHECKS */;
/*!40101 SET CHARACTER_SET_CLIENT=@OLD_CHARACTER_SET_CLIENT */;
/*!40101 SET CHARACTER_SET_RESULTS=@OLD_CHARACTER_SET_RESULTS */;
/*!40101 SET COLLATION_CONNECTION=@OLD_COLLATION_CONNECTION */;
/*!40111 SET SQL_NOTES=@OLD_SQL_NOTES */;

-- Dump completed on 2018-02-26 12:04:01
